0,0,,0,0,,0,0
-0.16755162,0,,-0.6702065,0.18,,-1.2566371,0
-0.6702065,0.18,,-3.2672562,1.08,,-4.021239,1.08
-1.5917402,0.54,,-7.03716736,2.3400002,,-3.853687,1.8
-2.59705,0.72,,-5.948082,2.7,,-4.523894,2.52
-3.6861352,1.08,,-6.953392,3.96,,-6.2831856,4.5
-5.0265484,1.44,,-5.0265484,5.04,,-4.775221,4.32
-6.366961,1.8,,-9.215339,6.66,,-3.51858368,4.86
-7.79115,2.16,,-14.241887,8.64,,5.5292032,7.2
-9.047788,2.52,,-13.236577,9.18,,6.78584036,7.02
-10.471975,2.7,,-12.482595,9.54,,8.210029,6.8399996
-11.644837,2.88,,-11.058407,9.9,,9.717994,7.02
-12.9852492,3.0600002,,-7.4560468,10.9800008,,11.896164,7.92
-14.409438,3.4199998,,-4.6914452,12.06,,13.739233,8.28
-15.666076,3.4199998,,-3.9374628,12.240001,,24.378762,10.08
-17.090266,3.6,,-2.261947,12.06,,36.693804,11.88
-18.263126,3.6,,0.33510324,12.42,,38.871976,11.88
-19.6873152,3.6,,1.75929184,12.6,,45.49026,12.42
-21.195278,3.6,,-1.5917402,12.06,,51.68967,12.780001
-22.78702,3.6,,-1.5917402,10.9800008,,50.51681,11.88
-24.462536,3.4199998,,-2.178171,10.62,,49.93038,13.86
-26.13805,3.4199998,,-4.1050144,10.8,,51.10324,13.679999
-27.56224,3.2399998,,-5.0265484,8.82,,51.10324,13.500001
-28.98643,3.0600002,,-1.75929184,6.1200004,,50.433036,14.22
-30.57817,2.88,,-2.9321532,4.5,,43.31209,11.52
-31.918581,2.7,,-2.8483774,3.2399998,,41.804128,10.62
-33.342772,2.7,,-3.51858368,1.8,,32.421238,5.76
-34.76696,2.7,,1.2566371,-1.98,,21.697934,3.0600002
-35.93982,2.3400002,,0.58643068,-2.7,,9.466666,-2.16
-37.028908,2.16,,0.08377581,-3.6,,-0.75398224,-4.86
-38.28554,1.8,,0,-3.78,,-2.0106194,-5.94
-39.542184,1.44,,-1.0890855,-3.78,,-8.712684,-7.92
-40.715044,1.08,,-1.75929184,-2.88,,-14.493215,-10.62
-41.720352,0.72,,-2.7646016,-2.52,,-22.703244,-11.88
-42.97699,0.36,,-3.099705,-2.88,,-34.93451,-14.76
-44.3174,0,,-4.1050144,-4.5,,-41.97168,-16.92
-45.741592,-0.36,,-4.021239,-4.32,,-43.56342,-19.8
-46.998228,-0.54,,-4.775221,-5.04,,-42.055456,-22.32
-48.50619,-0.9,,-7.4560468,-5.22,,-42.223004,-24.300002
-49.846604,-1.08,,-7.3722708,-5.04,,-43.9823,-25.740002
-51.2707936,-1.08,,-10.97463,-4.32,,-44.066076,-26.279998
-52.69498,-1.26,,-10.890855,-3.6,,-49.343952,-26.820002
-54.454276,-1.26,,-9.885546,-2.52,,-48.08731,-26.820002
-55.96224,-1.26,,-11.058407,-3.0600002,,-45.90914,-26.820002
-57.637752,-1.08,,-9.131563,-3.78,,-44.3174,-27.000002
-58.47551,-1.26,,-7.3722708,-3.6,,-42.725664,-27.000002
-57.97286,-1.98,,-6.366961,-3.0600002,,-41.720352,-26.46
-57.051324,-2.88,,-5.0265484,-3.96,,-38.36932,-26.279998
-55.878464,-3.4199998,,-4.021239,-4.6800004,,-32.588788,-25.740002
-54.53805,-4.14,,0.8377581,-2.3400002,,-25.132742,-24.12
-53.28141,-4.6800004,,1.340413,-2.16,,-23.708554,-23.94
-51.9409968,-5.22,,8.377581,0.9,,-22.535692,-24.300002
-50.851912,-5.58,,9.299114,0.9,,-16.420058,-22.32
-49.260172,-5.94,,6.031858,3.6,,-17.341592,-21.42
-47.835984,-6.4799996,,5.612979,4.6800004,,-16.33628,-21.24
-46.244248,-7.02,,7.6235984,5.76,,-16.671386,-18.9
-44.73628,-7.38,,10.97463,6.3,,-14.99587,-17.4600016
-43.060764,-7.56,,15.749851,6.4799996,,-17.928022,-16.2
-41.5528,-7.7400004,,13.4879052,6.3,,-18.346902,-14.94
-40.0448368,-7.92,,11.97994,6.3,,-19.18466,-13.679999
-38.28554,-7.92,,15.917403,5.94,,-20.0224184,-13.32
-36.526252,-7.7400004,,15.163422,5.94,,-21.195278,-13.139999
-35.102064,-7.56,,21.78171,5.04,,-25.467844,-12.780001
-33.510324,-7.2,,21.027728,5.04,,-26.13805,-12.42
-31.918581,-6.66,,23.289674,4.32,,-35.018288,-11.52
-30.661946,-6.3,,21.94926,3.2399998,,-36.610028,-11.16
-29.321532,-6.1200004,,21.195278,3.4199998,,-39.039524,-10.62
-27.729792,-5.76,,20.692624,3.6,,-40.798816,-9.9
-26.221826,-5.22,,18.263126,3.78,,-43.228316,-9.54
-24.211208,-4.5,,13.906784,3.4199998,,-50.09793,-8.64
-22.619466,-3.96,,18.095576,3.0600002,,-52.192324,-6.1200004
-21.111502,-3.6,,18.514454,4.32,,-52.94631,-6.1200004
-19.603538,-3.2399998,,16.755162,6.4799996,,-53.030084,-0.36
-18.17935,-2.88,,15.666076,7.2,,-54.705604,4.6800004
-16.420058,-2.52,,16.420058,9.18,,-58.30796,12.06
-14.660766,-2.16,,18.849556,9.360001,,-59.06194,13.86
-12.566371,-1.8,,13.4879052,13.139999,,-59.564596,16.02
-10.890855,-1.44,,15.498525,11.7,,-53.030084,22.5
-9.047788,-1.08,,16.084956,10.8,,-45.49026,27.539998
-7.12094336,-0.72,,13.069025,14.04,,-35.437164,34.74
-5.696755,-0.36,,14.158112,17.28,,-32.588788,34.02
-3.9374628,0,,14.99587,17.64,,-22.95457,39.96
-2.0943952,0.18,,16.001178,19.08,,-17.006488,43.38
-0.25132744,0.54,,18.095576,22.140002,,-13.236577,42.66
1.340413,1.08,,19.435988,21.6,,-12.231268,42.84
3.015929,1.6199999,,24.881414,23.58,,0.25132744,47.52
4.6076692,1.98,,26.054276,24.12,,5.612979,49.14
6.031858,2.52,,26.389378,24.300002,,6.115634,49.14
7.79115,2.88,,26.473154,23.58,,6.5345124,47.699996
8.964011,3.4199998,,28.735102,22.5,,6.86961636,42.3
8.377581,4.6800004,,30.661946,21.42,,8.628908,47.16
7.03716736,5.58,,30.159292,22.5,,9.550442,49.86
5.780531,6.8399996,,29.74041,23.22,,10.723304,52.74
4.021239,7.38,,29.656634,21.9600016,,14.074335,59.4
2.59705,8.28,,29.99174,23.58,,13.320353,59.4
0.58643068,9,,29.070204,24.66,,11.812388,60.300004
-1.0053097,9.72,,28.818876,26.820002,,1.92684352,67.32
-2.59705,10.08,,31.583478,23.58,,1.1728613,68.22
-4.523894,10.44,,31.332152,22.5,,0.50265484,68.22
-6.031858,10.8,,30.494394,21.6,,-5.0265484,69.8400036
-7.3722708,10.9800008,,29.74041,20.88,,-6.6182884,70.2
-8.712684,11.16,,26.389378,18.36,,-17.17404,75.6
-10.304424,11.16,,24.630086,17.82,,-23.876104,78.119992
-11.644837,10.8,,19.519762,14.22,,-30.494394,80.82
-13.1528016,10.44,,22.36814,13.139999,,-30.829496,79.56
-14.828317,9.9,,22.619466,11.7,,-30.494394,82.979992
-16.420058,9.360001,,20.7764,10.9800008,,-30.159292,83.34
-18.346902,9,,16.838938,10.26,,-30.075516,84.78
-19.938642,8.46,,17.17404,10.26,,-29.237754,84.06
-21.697934,7.7400004,,11.477285,10.8,,-28.902652,84.96
-23.289674,6.8399996,,12.39882,10.62,,-27.98112,86.4
-24.630086,6.1200004,,13.40413,11.16,,-25.467844,86.4
-26.389378,5.22,,14.912093,11.52,,-24.462536,87.12
-27.813568,3.96,,15.749851,11.88,,-22.36814,87.3
-28.98643,3.0600002,,17.341592,11.52,,-21.362832,89.46
-30.57817,1.6199999,,18.17935,10.26,,-11.225958,87.48
-32.002356,0.54,,19.268434,9.72,,-9.550442,86.22
-33.258996,-0.54,,20.692624,9.360001,,-5.5292032,85.86
-34.599408,-1.6199999,,24.881414,10.44,,1.8430676,87.8400064
-36.107372,-2.7,,31.080824,12.06,,4.942773,86.58
-37.112684,-3.4199998,,34.34808,12.780001,,5.780531,86.04
-37.78289,-4.14,,35.772268,12.780001,,4.775221,88.200008
-38.871976,-5.22,,35.772268,13.139999,,4.942773,93.6
-39.79351,-6.1200004,,36.945132,12.240001,,4.775221,100.08
-40.882596,-6.8399996,,38.453096,11.34,,6.450737,105.84
-42.055456,-7.38,,38.28554,12.240001,,9.299114,111.06
-43.144544,-8.46,,38.0342136,10.62,,8.880236,112.5
-44.56873,-9,,39.625956,10.08,,10.053097,113.04
-45.90914,-9.54,,39.709732,10.9800008,,7.9587016,115.02
-47.333332,-10.08,,39.039524,12.06,,-0.75398224,116.82
-48.589964,-10.44,,38.117992,12.959999,,-10.890855,122.4
-50.18171,-10.8,,42.474336,11.16,,-19.6873152,127.98
-51.52212,-10.9800008,,41.5528,12.240001,,-23.541002,128.16
-51.019468,-11.88,,40.882596,12.6,,-24.462536,129.24
-50.34926,-12.6,,39.709732,12.780001,,-27.310914,129.42
-49.260172,-13.139999,,38.7044232,12.240001,,-28.56755,128.52
-47.91976,-14.04,,38.453096,11.34,,-40.96637,132.84
-46.495576,-14.58,,38.117992,10.62,,-50.851912,138.24
-45.57404,-14.76,,37.866664,10.62,,-51.35457,138.59999
-44.14985,-15.12,,38.36932,11.52,,-50.014156,141.3
-42.641888,-15.3,,36.3587,13.32,,-50.851912,143.45999
-41.050144,-15.480001,,38.53687,14.76,,-49.59528,144.9
-39.458404,-15.3,,34.76696,16.92,,-50.51681,144.9
-37.95044,-15.12,,36.610028,17.1,,-51.187016,144.72
-36.274924,-14.76,,38.117992,15.84,,-46.998228,144.54
-34.76696,-14.22,,37.699112,16.2,,-45.15516,144.54
-33.17522,-13.500001,,34.93451,18.720002,,-34.515632,143.28
-31.834806,-12.959999,,35.604716,19.98,,-29.907964,142.92
-30.57817,-12.06,,35.604716,20.7,,-28.064896,143.28
-29.15398,-10.9800008,,36.77758,21.42,,-16.001178,140.76
-27.813568,-10.44,,38.36932,24.300002,,-14.409438,141.12
-26.473154,-9.18,,39.290856,23.4,,-2.261947,138.24
-24.96519,-8.28,,42.13923,25.2,,8.377581,136.08
-23.289674,-7.38,,43.395868,24.84,,19.268434,133.02
-21.94926,-6.1200004,,44.652504,24.300002,,25.38407,131.58
-20.608848,-5.4,,39.96106,25.740002,,22.870796,129.6
-19.0171068,-4.14,,39.542184,26.820002,,23.122124,127.619992
-17.676694,-3.2399998,,40.0448368,27.359998,,24.378762,125.28
-15.749851,-2.52,,42.725664,27.359998,,25.9704984,122.759992
-14.074335,-1.44,,44.820056,26.64,,24.79764,120.06
-12.482595,-0.54,,43.89852,25.2,,22.95457,120.600008
-10.97463,0.18,,49.260172,23.04,,22.284364,121.14
-9.215339,1.08,,54.286724,21.24,,14.241887,116.99999
-7.539823,2.3400002,,52.86253,21.78,,9.801769,115.74
-6.115634,3.2399998,,55.12448,20.16,,8.293805,115.2
-4.523894,4.14,,55.71091,18.9,,6.953392,116.46
-2.680826,5.04,,55.040708,19.08,,6.19941,116.28001
-1.1728613,5.58,,54.3705,20.16,,4.775221,116.64
0.50265484,6.1200004,,53.700296,21.06,,4.440118,117.71999
2.178171,6.66,,52.69498,22.68,,-1.4241887,119.16
4.1050144,7.38,,51.52212,23.22,,-3.099705,118.98
5.780531,7.92,,48.92507,23.22,,-13.823009,114.66
7.3722708,8.28,,47.584656,23.76,,-12.063716,113.76
9.131563,8.28,,50.433036,21.6,,-10.639527,111.6
10.890855,8.64,,50.6005868,20.52,,-11.561062,109.98
12.566371,8.64,,49.93038,19.8,,-13.99056,108.9
14.241887,8.64,,53.113856,19.98,,-14.660766,108.71999
14.828317,8.82,,55.12448,20.34,,-13.069025,108.71999
14.158112,9.360001,,49.76283,21.24,,-11.812388,108.71999
12.8176984,9.9,,51.2707936,21.78,,-9.382891,108.54
11.058407,10.26,,53.113856,23.04,,-6.366961,108.54
9.550442,10.62,,52.6112068,23.4,,-4.775221,109.08
8.461356,10.9800008,,51.68967,24.300002,,6.366961,110.700008
7.539823,11.34,,54.621828,24.66,,8.628908,110.16
5.780531,11.7,,55.71091,25.740002,,21.362832,111.96
3.6023596,11.7,,56.96755,26.099998,,22.284364,111.96
1.8430676,11.52,,58.47551,26.820002,,35.185836,113.94
0.16755162,11.34,,58.978164,27.179998,,39.039524,113.94
-1.5917402,10.9800008,,60.486132,27.359998,,41.050144,114.299992
-3.1834804,10.26,,61.57522,27.539998,,39.709732,113.04
-4.523894,9.72,,63.166956,27.9,,39.877284,110.700008
-5.948082,8.82,,63.669612,26.820002,,38.28554,111.06
-7.539823,7.92,,63.166956,24.84,,42.223004,106.92
-8.796459,7.2,,63.166956,24.300002,,46.076696,103.14
-10.136872,6.3,,63.669612,25.919998,,45.49026,102.6
-11.309733,5.4,,67.43953,23.4,,44.73628,104.399992
-12.566371,4.5,,69.11504,23.76,,44.73628,103.32
-13.739233,3.4199998,,68.94749,22.68,,44.820056,102.240008
-15.5823,1.8,,71.209432,21.6,,42.55811,100.259992
-17.17404,0.9,,70.45545,22.32,,40.631268,98.82001
-18.17935,-0.18,,70.45545,22.32,,29.070204,94.68001
-19.3522116,-1.26,,70.37167,22.86,,19.100884,91.44
-20.692624,-2.16,,69.198816,21.6,,10.053097,88.200008
-22.200588,-3.0600002,,68.61239,20.52,,8.796459,87.8400064
-23.792328,-3.78,,64.92625,18.36,,0.418879068,86.4
-25.38407,-4.86,,64.08849,18.9,,0.418879068,86.04
-27.143362,-5.76,,60.9050136,18.36,,2.8483774,84.420008
-28.735102,-6.4799996,,61.74277,18.18,,2.680826,82.8
-29.99174,-7.2,,61.072564,18.54,,0.58643068,81.72
-31.415928,-7.92,,60.318584,18.720002,,-0.9215338,81.54
-32.588788,-8.64,,57.88908,19.44,,-1.4241887,81.72
-33.76165,-9.18,,53.867848,20.7,,-0.58643068,81.36
-35.185836,-9.72,,54.53805,21.24,,8.796459,82.44
-36.19115,-10.08,,52.6112068,21.9600016,,10.890855,82.619992
-37.531564,-10.44,,54.035396,23.4,,10.890855,82.8
-38.871976,-10.62,,51.605896,25.740002,,22.619466,84.6
-40.128612,-11.16,,52.443652,25.380002,,25.132742,84.420008
-41.469024,-11.34,,52.86253,24.84,,28.14867,84.96
-42.641888,-11.52,,56.213564,28.26,,30.99705,84.78
-43.9823,-11.52,,56.96755,27.539998,,32.92389,84.78
-45.49026,-11.34,,58.056632,27.359998,,42.725664,87.48
-46.91445,-11.16,,58.643064,27.9,,54.035396,91.079992
-46.663124,-11.34,,60.318584,27.359998,,56.12979,91.079992
-46.076696,-11.7,,61.91032,28.08,,55.878464,92.7
-44.90383,-11.88,,63.585836,27.359998,,54.956932,93.96
-43.6471936,-11.88,,64.08849,27.9,,56.38112,95.76
-42.390556,-12.06,,64.42359,29.34,,53.78407,97.02
-40.798816,-12.240001,,62.831856,29.52,,55.20826,97.380008
-39.37463,-12.240001,,64.59115,29.7,,53.61652,98.64
-37.699112,-12.06,,62.58053,29.34,,52.443652,99
-36.274924,-11.7,,61.57522,29.16,,51.773444,98.82001
-34.76696,-11.34,,59.48082,28.44,,41.720352,99.72
-33.091446,-10.8,,64.08849,26.820002,,41.720352,99.36
-31.667256,-10.26,,63.837162,27.000002,,39.709732,99.36
-30.075516,-9.72,,63.166956,27.72,,34.515632,99.36
-28.735102,-9,,62.3292,28.44,,33.17522,99.36
-27.059588,-8.46,,61.491444,28.98,,32.33746,99.36
-25.886722,-7.38,,60.486132,28.619998,,22.535692,99.9
-24.630086,-6.8399996,,56.71622,26.279998,,19.938642,99.53999
-23.205898,-5.76,,55.96224,25.919998,,15.498525,99.9
-21.697934,-5.04,,55.54336,25.919998,,13.40413,100.08
-19.938642,-4.14,,54.53805,25.740002,,17.760472,103.86
-18.514454,-3.4199998,,57.470204,23.76,,18.346902,108.18
-16.838938,-2.7,,59.73215,23.04,,17.17404,107.81999
-15.247197,-1.6199999,,58.391736,23.4,,17.425368,111.6
-13.655457,-0.72,,57.72153,24.300002,,17.006488,107.81999
-11.812388,0.18,,53.28141,26.099998,,17.928022,109.8
-10.136872,0.9,,53.78407,26.279998,,19.0171068,109.08
-8.628908,1.6199999,,57.1351,26.099998,,20.273744,108.00001
-6.702065,2.3400002,,58.559288,25.02,,24.881414,110.16
-4.858997,3.0600002,,54.454276,26.820002,,32.086132,114.299992
-3.015929,3.6,,55.54336,27.359998,,33.17522,115.2
-1.5079645,4.14,,56.71622,28.8,,38.95575,116.82
0.25132744,4.5,,57.1351,28.98,,40.798816,116.1
1.6755162,4.86,,57.88908,28.619998,,45.238932,117.54
3.51858368,5.22,,60.40236,28.619998,,58.978164,122.03999
5.1103244,5.76,,61.40767,28.08,,61.57522,121.86
6.702065,5.94,,62.999404,27.539998,,62.245428,121.86
8.628908,6.3,,63.33451,27.9,,61.826544,123.66
10.3882,6.66,,62.412976,28.26,,62.999404,127.619992
12.147491,6.8399996,,63.753388,28.619998,,64.59115,131.94
13.655457,7.02,,64.7587,27.9,,64.33982,133.2
15.414748,7.02,,67.5233,26.279998,,63.418284,134.45999
17.425368,7.02,,69.9528,25.2,,62.496752,132.66
19.100884,6.66,,70.120344,25.2,,60.653688,134.28
20.525072,6.4799996,,74.8118,22.32,,60.318584,134.1
21.111502,6.3,,77.99527,21.24,,58.978164,135.18
20.357522,6.8399996,,76.48731,22.140002,,58.810616,135.54001
18.598228,7.7400004,,82.351616,18.720002,,58.140408,135.54001
17.090266,8.64,,81.59763,20.16,,55.71091,137.87999
15.5823,9.360001,,80.59232,20.88,,54.705604,138.59999
14.57699,9.9,,80.84365,20.52,,45.57404,139.68001
12.482595,10.44,,79.00059,21.24,,38.7044232,144.18
10.220649,10.8,,77.82772,20.52,,39.37463,147.6
8.210029,10.9800008,,76.319752,21.06,,38.7044232,148.32
6.5345124,10.9800008,,75.56578,21.78,,38.7044232,148.32
4.6914452,10.8,,74.56047,21.6,,39.542184,153
3.015929,10.44,,76.65486,20.52,,37.447784,157.14
1.6755162,9.9,,76.235984,20.52,,38.28554,157.86
0.08377581,9.360001,,75.063128,20.16,,39.625956,158.76001
-1.0890855,8.64,,72.13097,20.16,,42.97699,157.86
-2.3457226,8.28,,69.198816,20.7,,44.90383,157.86
-3.6861352,7.38,,69.36637,20.34,,54.286724,152.64
-5.2778752,6.3,,66.18289,21.24,,61.57522,148.14
-6.78584036,5.58,,65.68023,22.140002,,65.177576,148.14
-8.293805,4.5,,67.020648,21.06,,65.51268,149.04001
-9.550442,3.2399998,,67.1882,21.42,,72.54985,149.94
-10.97463,2.52,,68.10973,21.9600016,,82.435392,155.52
-12.231268,1.26,,69.86902,23.94,,86.03776,155.16
-13.739233,0.54,,70.45545,25.2,,94.49911,160.74
-15.163422,-0.18,,71.96342,25.380002,,94.666664,161.28
-16.671386,-1.08,,76.235984,27.539998,,93.99645,167.4
-17.928022,-1.8,,80.59232,29.7,,94.08023,169.2
-19.603538,-2.88,,80.92743,30.24,,94.24778,170.64
-20.860176,-3.6,,82.68672,33.12,,94.41534,172.08
-22.284364,-4.14,,78.16283,35.64,,98.01769,178.56
-23.708554,-4.86,,77.9115,36.72,,99.44189,180.9
-25.048966,-5.94,,80.17345,37.08,,99.944536,180.540016
-26.556928,-6.4799996,,79.50324,36.539996,,95.00176,179.82
-27.813568,-7.38,,77.15752,35.82,,87.71327,176.76
-29.070204,-7.92,,80.50855,35.1,,87.461944,176.400016
-30.326844,-8.28,,78.74926,34.38,,84.529784,176.400016
-31.499702,-8.64,,83.440708,32.579998,,73.63894,173.34
-32.840116,-8.82,,83.02182,32.76,,62.91563,170.64
-34.096752,-9,,87.04306,30.960002,,59.648372,170.1
-35.35339,-9.360001,,85.95398,31.5,,55.12448,168.12
-36.861356,-9.72,,85.78643,32.04,,44.233628,171.36
-38.201768,-9.9,,84.78111,33.3,,44.9876068,178.2
-39.542184,-9.9,,83.356932,31.86,,45.57404,177.48
-40.798816,-9.9,,82.351616,32.76,,44.9876068,181.08
-41.469024,-9.72,,78.2466,30.78,,42.97699,183.78
-40.96637,-10.08,,74.89557,29.7,,44.3174,182.88
-40.0448368,-10.26,,74.225368,29.7,,46.7469,182.159984
-38.95575,-10.44,,77.325064,29.16,,49.5115,183.06
-37.447784,-10.62,,77.15752,29.7,,59.229492,185.94
-36.023592,-10.9800008,,74.47669,30.960002,,60.40236,186.659984
-34.515632,-11.16,,70.37167,33.48,,62.748076,186.84
-32.92389,-11.34,,66.18289,36,,69.11504,187.92
-31.1646,-11.34,,61.32389,39.059996,,75.81711,189.36002
-29.405308,-11.34,,58.391736,41.76,,86.54041,191.52
-27.646018,-11.16,,59.564596,42.3,,88.21593,190.799984
-26.221826,-10.8,,59.648372,42.66,,97.682592,192.6
-25.132742,-10.26,,60.318584,42.12,,104.88731,193.68
-23.708554,-9.72,,60.821236,41.94,,115.94572,197.28
-22.033038,-9,,58.643064,45.179996,,115.35929,196.92
-20.94395,-8.28,,59.81593,45.179996,,115.275508,193.86
-19.3522116,-7.56,,60.98879,46.26,,116.3646,199.07998
-17.844246,-7.02,,62.664304,47.340004,,119.4643,206.099984
-16.33628,-6.4799996,,64.67492,49.86,,119.63186,208.620016
-14.744541,-5.94,,64.33982,49.5,,118.62653,210.96
-13.40413,-4.86,,64.92625,49.86,,117.70501,209.52
-11.561062,-3.96,,65.010024,49.86,,109.913864,216.54
-10.053097,-3.2399998,,67.10442,49.32,,101.36873,222.12
-7.9587016,-2.16,,67.1882,48.600004,,96.761052,225.71998
-6.6182884,-1.08,,70.70678,46.62,,95.16931,225
-4.942773,-0.36,,73.72271,44.64,,93.99645,225.18001
-3.3510324,0.36,,73.30383,44.46,,84.27846,231.299984
-1.75929184,1.08,,75.482,42.48,,83.60825,230.76
-0.08377581,1.8,,74.64424,42.48,,77.15752,233.28
1.0890855,2.3400002,,73.97404,42.48,,69.78525,236.700016
2.178171,3.0600002,,72.88496,43.74,,68.193508,235.98
4.1050144,3.6,,72.63363,44.64,,70.120344,242.1
6.366961,4.14,,70.95811,45.539996,,69.9528,246.78002
8.042478,4.86,,69.198816,41.94,,67.94218,253.98
9.969321,5.22,,67.94218,43.02,,65.093792,261.36002
11.561062,5.58,,64.59115,39.78,,62.831856,267.84
13.236577,5.94,,61.15634,36.72,,60.821236,271.98
14.912093,6.4799996,,60.98879,38.34,,63.50206,273.06
16.755162,7.02,,59.73215,38.16,,67.27197,275.4
18.514454,7.38,,59.81593,36.9,,72.63363,277.19998
20.0224184,7.56,,57.97286,36.72,,83.27315,280.44
21.697934,7.7400004,,55.20826,37.08,,89.97521,282.78
23.289674,7.7400004,,52.94631,37.620004,,101.70383,285.66
25.216518,7.56,,53.448968,37.440004,,109.66253,286.91998
26.724484,7.38,,56.213564,37.8,,111.92448,286.74002
27.059588,7.56,,56.799996,37.440004,,113.34867,287.28
26.389378,8.1,,58.30796,36.9,,115.44306,287.28
25.216518,8.82,,59.73215,36.36,,117.95633,287.46
23.37345,9.360001,,60.73746,36.18,,117.034808,287.82
21.865486,9.72,,61.32389,35.46,,117.118576,282.6
20.106194,10.08,,63.250732,35.64,,115.77816,280.26
18.514454,10.44,,85.11622,18.18,,118.37521,286.38
19.100884,10.62,,82.68672,19.44,,117.3699,286.74002
18.682004,10.8,,79.16814,20.7,,119.71563,294.84
16.671386,10.9800008,,79.58702,19.44,,116.3646,296.64
14.744541,10.9800008,,76.82241,20.7,,108.908552,302.4
13.40413,10.8,,79.00059,22.140002,,98.604132,307.62
11.477285,10.62,,80.0896736,22.140002,,97.85014,308.7
10.053097,10.44,,81.51386,20.7,,93.745128,310.86
8.461356,9.9,,82.01652,19.44,,92.82359,311.22
6.702065,9.18,,83.60825,19.8,,81.76519,316.08002
5.1103244,8.46,,84.529784,19.44,,76.73864,318.06
3.7699116,7.38,,86.289084,18.720002,,75.230668,317.88
,,,87.71327,17.1,,73.97404,317.7
,,,88.6348,16.56,,71.71209,317.16
,,,91.31563,19.44,,72.63363,321.66
,,,92.23717,20.52,,72.214744,322.92
,,,89.13746,21.9600016,,72.04719,324.54
,,,89.05368,22.5,,69.70147,333.18
,,,91.0643,22.68,,68.44483,334.8
,,,90.98052,22.5,,68.61239,334.8
,,,92.90737,21.9600016,,69.28259,333
,,,92.15339,22.5,,70.37167,336.96
,,,91.98584,22.32,,74.72802,340.56
,,,93.1587,23.94,,82.351616,345.78
,,,92.488492,23.58,,83.440708,346.86
,,,96.67728,20.88,,92.82359,352.979968
,,,101.95516,18.18,,99.52566,356.04
,,,101.53628,17.82,,101.45251,357.3
,,,104.2171,15.12,,111.00294,357.12
,,,103.96578,14.04,,111.25427,358.02
,,,103.29557,14.94,,114.77285,358.919968
,,,98.10147,12.06,,114.52153,358.56
,,,97.682592,12.780001,,114.43775,359.28
,,,97.598816,11.7,,114.68909,360.18
,,,97.09615,12.240001,,114.2702,362.34
,,,96.50973,11.88,,113.851332,365.4
,,,98.52035,12.240001,,113.34867,366.48
,,,94.49911,12.959999,,110.41652,371.7
,,,93.41003,12.240001,,101.20117,379.62
,,,90.98052,13.500001,,101.1174,379.26
,,,88.80235,14.4,,98.10147,380.87996
,,,89.80766,13.86,,96.67728,380.34
,,,91.0643,13.679999,,88.38348,384.12004
,,,90.89674,14.58,,83.69203,385.02
,,,91.39941,17.1,,81.01121,384.479968
,,,91.90206,16.56,,68.27728,387.9
,,,93.41003,16.38,,62.077872,389.16
,,,94.750432,16.38,,61.91032,389.16
,,,100.69852,18.9,,64.172264,391.14
,,,101.03362,18.18,,64.50737,392.94
,,,102.12271,17.64,,63.083184,395.63998
,,,101.28496,18,,64.842476,396.72
,,,101.03362,18,,64.92625,395.819968
,,,102.96047,17.28,,65.93156,395.63998
,,,104.2171,16.02,,73.38761,395.63998
,,,103.37934,16.74,,75.98466,395.63998
,,,102.70914,19.08,,78.414152,395.46
,,,107.23304,16.92,,82.77049,394.740032
,,,107.735692,16.02,,85.11622,394.56
,,,107.23304,15.480001,,90.64542,393.84
,,,106.56282,14.76,,92.90737,393.48
,,,107.65191,12.959999,,105.808852,390.78
,,,107.06548,11.34,,114.018872,389.520032
,,,108.32211,10.62,,123.40176,385.74
,,,107.819464,9.54,,122.564,385.92
,,,105.6413,8.28,,122.2289,389.87996
,,,104.46843,7.7400004,,122.8991,385.56
,,,103.798224,7.7400004,,124.07197,384.3
,,,106.56282,7.2,,123.65309,382.32
,,,105.30619,7.2,,126.417692,381.419968
,,,102.792916,8.1,,125.496152,381.599968
,,,103.29557,9,,116.95102,383.93996
,,,103.46313,10.9800008,,115.77816,384.84
,,,102.45782,9.54,,109.913864,388.800032
,,,100.11209,11.16,,108.82477,388.98
,,,95.00176,14.4,,108.15456,389.87996
,,,96.593508,15.12,,106.73037,389.34004
,,,98.10147,14.94,,95.67197,393.48
,,,99.52566,14.04,,94.91799,394.02
,,,100.44719,14.04,,85.367544,392.21996
,,,102.96047,16.56,,84.94867,392.04
,,,104.63599,15.84,,85.03245,393.66
,,,108.48967,18.9,,84.19468,390.06
,,,109.74631,19.619998,,84.3622336,390.6
,,,108.23835,21.06,,84.02713,394.740032
,,,105.808852,22.86,,84.61356,394.92
,,,106.897932,23.58,,91.73451,395.819968
,,,109.57876,23.22,,92.99115,395.099968
,,,109.83008,22.68,,102.876684,399.6
,,,111.92448,22.86,,110.24896,405.900032
,,,114.35398,21.42,,116.448368,407.88
,,,112.42713,21.9600016,,117.78878,407.16
,,,111.50559,23.04,,118.12388,408.24
,,,116.113268,20.52,,119.12919,409.319968
,,,115.024184,19.98,,129.60118,420.12004
,,,118.54277,17.4600016,,135.29793,426.24
,,,120.38583,14.94,,133.95752,438.12
,,,119.4643,13.500001,,132.70088,453.42
,,,116.6997,10.9800008,,134.04129,469.26
,,,114.68909,8.82,,136.8059,486.18
,,,109.32742,6.66,,137.64364,495.72
,,,113.43244,4.86,,141.07846,512.27996
,,,114.018872,4.86,,141.246,519.12
,,,112.00825,5.04,,140.82714,519.84
,,,110.58407,5.94,,139.82182,532.08
,,,110.165184,6.1200004,,132.19822,544.32
,,,105.72506,8.28,,132.36578,545.57996
,,,107.40059,7.38,,131.69556,546.12
,,,108.908552,6.1200004,,122.14513,557.82
,,,103.46313,9,,111.75693,568.44
,,,104.13333,10.26,,104.5522,576
,,,105.47374,11.88,,94.41534,588.77996
,,,105.38996,14.4,,93.1587,589.68
,,,106.39527,15.480001,,93.07492,593.64
,,,107.735692,16.2,,93.41003,593.28
,,,109.0761,16.02,,93.07492,598.14
,,,110.08141,17.82,,93.24247,601.38
,,,111.25427,17.4600016,,92.23717,602.45996
,,,110.165184,18,,88.80235,596.88
,,,110.08141,17.64,,89.80766,596.51996
,,,110.165184,16.74,,91.0643,598.5
,,,111.170492,15.66,,92.23717,597.6
,,,113.26489,14.04,,103.798224,598.5
,,,112.00825,16.38,,111.58938,596.7
,,,113.01356,14.4,,122.31268,592.74
,,,117.70501,11.16,,129.01474,592.38
,,,117.286132,10.62,,131.02536,592.92
,,,117.87256,9.9,,134.54394,592.38
,,,122.31268,6.4799996,,136.97344,592.38
,,,124.74217,4.14,,143.34041,590.4
,,,126.250144,3.78,,144.68082,590.4
,,,124.323292,3.0600002,,140.9109,588.24
,,,123.65309,3.6,,140.65958,586.26
,,,123.23421,2.16,,141.91622,585.72
,,,122.64778,1.44,,140.40825,585.72
,,,122.2289,0.72,,140.5758,586.08
,,,121.8938,0.54,,139.98938,586.62
,,,122.8991,0.9,,139.40294,586.98
,,,120.63717,1.44,,137.47609,586.26
,,,115.861944,3.2399998,,135.21416,586.8
,,,115.69439,4.32,,123.65309,590.04004
,,,116.867256,3.0600002,,121.97758,590.4
,,,118.207668,3.96,,110.165184,594.54
,,,119.54807,5.04,,108.4059,593.64
,,,120.88849,6.4799996,,105.72506,593.82
,,,121.97758,7.38,,105.808852,593.82
,,,123.15044,7.92,,98.771672,597.24
,,,124.82595,7.92,,98.01769,598.32
,,,129.26606,10.9800008,,97.766368,598.68
,,,130.10384,11.88,,97.85014,607.32
,,,132.53332,14.94,,97.515048,607.13996
,,,131.69556,16.74,,97.43127,608.94
,,,131.36046,17.4600016,,96.42595,616.14
,,,132.36578,17.64,,96.67728,619.74
,,,129.43362,17.1,,96.67728,618.83996
,,,131.27668,16.2,,97.34748,619.56
,,,134.46016,15.3,,98.687908,619.38
,,,,,,105.976392,623.16
,,,,,,111.42182,624.6
,,,,,,120.97227,628.74
,,,,,,122.64778,628.38
,,,,,,131.52802,630.54
,,,,,,141.16223,636.12
,,,,,,148.1994,640.44
,,,,,,149.87491,642.6
,,,,,,150.37756,644.76
,,,,,,150.79645,656.64
,,,,,,151.13156,657.18
,,,,,,151.38289,660.60004
,,,,,,151.96932,661.14
,,,,,,151.21533,660.95996
,,,,,,151.2991,660.95996
,,,,,,150.88024,660.95996
,,,,,,145.4348,657.9
,,,,,,141.66488,656.27996
,,,,,,138.64897,653.94
,,,,,,138.31386,654.12
,,,,,,136.8059,653.58
,,,,,,135.63302,653.4
,,,,,,133.87375,653.58
,,,,,,125.74749,652.86004
,,,,,,124.6584,651.24
,,,,,,128.17698,659.7
,,,,,,127.92566,660.42
,,,,,,127.506776,663.66004
,,,,,,127.506776,667.26
,,,,,,126.0826,671.4
,,,,,,127.423,671.220036
,,,,,,134.54394,675.18
,,,,,,144.34572,680.579936
,,,,,,146.69144,682.2
,,,,,,147.69674,682.38
,,,,,,157.16342,685.8
,,,,,,162.86017,688.14
,,,,,,163.36282,687.6
,,,,,,172.24306,691.56
,,,,,,176.68318,693.36
,,,,,,183.46902,699.660036
,,,,,,182.46372,702.72002
,,,,,,182.79882,704.7
,,,,,,182.63126,708.839936
,,,,,,185.73096,716.4
,,,,,,184.222992,718.02
,,,,,,187.74158,726.660036
,,,,,,187.40648,727.920036
,,,,,,178.44246,734.94008
,,,,,,170.567552,740.699968
,,,,,,162.52507,745.56008
,,,,,,162.52507,744.84
,,,,,,151.96932,750.420036
,,,,,,150.6289,750.05992
,,,,,,149.9587,749.88
,,,,,,141.66488,753.12
,,,,,,140.32448,752.94
,,,,,,139.73804,754.74
,,,,,,139.82182,749.52
,,,,,,138.1463,753.12
,,,,,,138.31386,756.72
,,,,,,138.23008,757.8
,,,,,,139.9056,760.5
,,,,,,141.07846,759.78
,,,,,,142.6702,759.06
,,,,,,143.08906,759.24
,,,,,,145.01592,759.06
,,,,,,145.68612,758.88
,,,,,,147.78054,759.24
,,,,,,149.03716,759.24
,,,,,,157.83362,759.42
,,,,,,166.2112,759.6
,,,,,,173.24836,759.42
,,,,,,172.99704,759.6
,,,,,,171.32152,761.4
,,,,,,171.48908,763.019968
,,,,,,172.82948,765
,,,,,,172.15928,765.36
,,,,,,172.578168,763.019968
,,,,,,174.923884,764.27997
,,,,,,174.169884,765
,,,,,,171.7404,765.18
,,,,,,168.9758,765.36
,,,,,,158.67138,767.87992
,,,,,,149.03716,770.22
,,,,,,136.21946,773.459936
,,,,,,135.0466,772.920036
,,,,,,133.3711,773.100036
,,,,,,131.1929,773.639936
,,,,,,130.60649,774.18
,,,,,,131.10913,774.18
,,,,,,131.77934,774.36
,,,,,,130.77404,773.81992
,,,,,,127.255452,772.920036
,,,,,,122.8991,771.3
,,,,,,124.323292,772.74008
,,,,,,132.95221,770.04
,,,,,,141.41356,768.06008
,,,,,,146.859,767.699936
,,,,,,157.41474,764.64
,,,,,,158.75516,765
,,,,,,162.60884,764.1
,,,,,,164.53569,764.64
,,,,,,166.46252,765.54
,,,,,,175.76164,762.48
,,,,,,179.78288,761.93992
,,,,,,183.38524,758.7
,,,,,,184.72564,758.88
,,,,,,184.80944,756.899936
,,,,,,187.07136,754.2
,,,,,,185.64718,754.38
,,,,,,183.133908,755.99992
,,,,,,184.72564,754.02
,,,,,,176.5994,751.139936
,,,,,,167.5516,747.9
,,,,,,166.04364,748.62
,,,,,,165.20588,747.18
,,,,,,162.94394,747
,,,,,,149.53981,742.68
,,,,,,148.45073,742.68
,,,,,,142.75396,741.42
,,,,,,129.68495,739.08
,,,,,,121.22359,736.2
,,,,,,118.54277,731.34
,,,,,,121.8938,727.920036
,,,,,,121.72624,727.02
,,,,,,120.134516,725.04
,,,,,,118.96164,724.68
,,,,,,120.72093,726.12
,,,,,,121.81003,726.3
,,,,,,131.02536,724.86
,,,,,,133.28731,724.68
,,,,,,136.05191,724.68
,,,,,,141.66488,724.5
,,,,,,143.75928,724.5
,,,,,,145.76992,724.68
,,,,,,147.36164,725.04
,,,,,,148.5345,725.22
,,,,,,152.0531,725.04
,,,,,,160.59822,724.32
,,,,,,159.17404,722.160036
,,,,,,158.5876,722.87992
,,,,,,159.50914,723.24008
,,,,,,159.42536,723.6
,,,,,,163.02772,718.02
,,,,,,165.95987,712.98
,,,,,,168.55692,707.76
,,,,,,167.3003,709.38
,,,,,,163.1115,708.839936
,,,,,,160.0118,709.92
,,,,,,150.12625,704.88
,,,,,,142,702.18
,,,,,,132.03067,698.76
,,,,,,130.43894,699.660036
,,,,,,118.12388,696.42
,,,,,,116.61592,696.42
,,,,,,114.2702,695.88
,,,,,,113.9351,697.32
,,,,,,114.35398,696.06
,,,,,,113.851332,694.98
,,,,,,111.8407,692.459968
,,,,,,108.48967,688.32
,,,,,,109.32742,687.78
,,,,,,110.24896,686.339936
,,,,,,111.92448,685.8
,,,,,,113.43244,686.7
,,,,,,114.43775,687.78
,,,,,,122.98289,685.08
,,,,,,124.82595,684.9
,,,,,,136.30324,681.12
,,,,,,142.16754,679.5
,,,,,,153.0584,675.360036
,,,,,,153.56105,675.18
,,,,,,155.15278,675.72
,,,,,,155.57167,675.54
,,,,,,154.90148,674.46
,,,,,,156.4932,672.839936
,,,,,,154.31504,671.94
,,,,,,159.25782,669.95996
,,,,,,162.27372,669.42004
,,,,,,160.59822,668.52
,,,,,,159.84424,669.06
,,,,,,157.58229,669.42004
,,,,,,150.964,668.34
,,,,,,144.17816,667.44
,,,,,,142,667.44
,,,,,,139.73804,666.72
,,,,,,138.06253,666.54004
,,,,,,130.27138,664.56
,,,,,,128.09322,664.2
,,,,,,126.7528,664.56
,,,,,,125.74749,664.56
,,,,,,127.00412,663.12
,,,,,,126.333912,667.62
,,,,,,124.74217,666.36
,,,,,,122.98289,666
,,,,,,118.87787,661.14
,,,,,,121.05604,660.06
,,,,,,122.396456,661.32
,,,,,,129.34984,658.62
,,,,,,130.8578,659.52
,,,,,,132.282,659.7
,,,,,,134.12506,659.7
,,,,,,135.63302,660.06
,,,,,,136.88966,659.88
,,,,,,137.8112,660.42
,,,,,,150.88024,656.64
,,,,,,161.43598,651.78
,,,,,,161.0171,652.68
,,,,,,160.93332,657.36
,,,,,,162.10618,655.38
,,,,,,163.61415,659.16
,,,,,,163.69792,658.44
,,,,,,166.2112,654.12
,,,,,,165.45722,652.13996
,,,,,,162.52507,652.5
,,,,,,161.0171,653.4
,,,,,,160.84955,653.04
,,,,,,149.9587,647.82
,,,,,,149.28848,647.82
,,,,,,137.22478,644.04004
,,,,,,134.87906,644.58
,,,,,,132.86844,644.94
,,,,,,124.15575,643.68
,,,,,,122.31268,643.5
,,,,,,126.250144,639.36
,,,,,,126.58525,641.51996
,,,,,,125.496152,639.54
,,,,,,124.90972,641.88
,,,,,,122.14513,637.2
,,,,,,122.31268,640.08
,,,,,,130.60649,639.18
,,,,,,131.61178,639
,,,,,,138.31386,641.7
,,,,,,148.78583,648.54
,,,,,,155.15278,652.5
,,,,,,156.1581,652.13996
,,,,,,165.54098,661.14
,,,,,,172.99704,666.36
,,,,,,183.63656,676.8
,,,,,,187.90914,682.74
,,,,,,187.6578,685.62
,,,,,,186.82006,694.44
,,,,,,187.322708,711.540036
,,,,,,187.23892,716.94
,,,,,,188.57934,727.2
,,,,,,192.68436,742.86
,,,,,,193.27078,745.56008
,,,,,,192.60058,747.18
,,,,,,192.01414,751.139936
,,,,,,190.58996,752.22
,,,,,,189.75222,753.12
,,,,,,188.411792,752.94
,,,,,,178.10736,763.74
,,,,,,177.52094,765.54
,,,,,,172.913268,768.779968
,,,,,,169.14336,774.54
,,,,,,163.44661,781.38
,,,,,,164.70323,792.36
,,,,,,164.78702,794.88
,,,,,,164.1168,800.99992
,,,,,,161.93863,797.58
,,,,,,158.83893,795.78
,,,,,,159.09026,795.24008
,,,,,,160.09556,793.8
,,,,,,162.02242,794.7
,,,,,,164.70323,794.7
,,,,,,169.72978,791.639936
,,,,,,170.81886,792.72
,,,,,,180.034216,789.84
,,,,,,189.333332,786.779968
,,,,,,190.33862,788.04
,,,,,,197.12446,786.24
,,,,,,205.41828,783.9
,,,,,,207.34512,781.02
,,,,,,208.182892,779.399936
,,,,,,209.1044,777.600036
,,,,,,208.099084,776.88
,,,,,,208.35044,776.52
,,,,,,207.177552,776.7
,,,,,,209.607068,777.42
,,,,,,208.7693,777.24
,,,,,,199.13508,778.68008
,,,,,,194.77874,779.040036
,,,,,,190.00352,780.12
,,,,,,187.90914,780.48
,,,,,,179.53156,782.82
,,,,,,167.04895,786.42
,,,,,,156.82831,790.02
,,,,,,154.65013,790.56008
,,,,,,149.37226,793.62
,,,,,,150.37756,795.78
,,,,,,150.21002,797.399936
,,,,,,149.9587,796.31992
,,,,,,150.46135,796.68
,,,,,,147.69674,804.6
,,,,,,148.70206,804.6
,,,,,,156.40942,810.9
,,,,,,163.44661,816.3
,,,,,,169.3109,819.18
,,,,,,169.981108,820.26
,,,,,,180.11798,824.579936
,,,,,,188.32802,829.25992
,,,,,,189.24956,828.9
,,,,,,192.26548,830.699968
,,,,,,195.86784,831.6
,,,,,,204.58052,837.36
,,,,,,205.41828,837.54
,,,,,,205.25074,838.98
,,,,,,206.08848,850.32
,,,,,,205.6696,850.32
,,,,,,208.099084,857.52
,,,,,,207.76399,863.459936
,,,,,,207.68022,864.899936
,,,,,,202.82122,866.34
,,,,,,201.73214,866.52
,,,,,,200.4755,867.24
,,,,,,191.76282,862.55992
,,,,,,185.89852,859.32
,,,,,,180.62064,856.62
,,,,,,177.688492,855.18
,,,,,,169.72978,854.82
,,,,,,168.22182,855.9
,,,,,,164.03304,853.56
,,,,,,165.45722,855.36
,,,,,,165.20588,858.06008
,,,,,,165.20588,856.44
,,,,,,165.28968,856.08
,,,,,,162.52507,864.18
,,,,,,162.60884,867.24
,,,,,,161.10088,873.360064
,,,,,,164.87079,875.88
,,,,,,170.98642,879.660064
,,,,,,171.82418,878.94
,,,,,,180.11798,884.7
,,,,,,188.32802,891.18008
,,,,,,191.00884,892.079936
,,,,,,200.39172,896.75992
,,,,,,204.664284,897.839936
,,,,,,208.7693,899.27996
,,,,,,209.8584,899.1
,,,,,,211.11502,899.1
,,,,,,210.94748,907.55992
,,,,,,212.9581,915.839936
,,,,,,212.706768,917.82
,,,,,,214.96872,923.4
,,,,,,218.23598,930.24008
,,,,,,210.69615,937.079936
,,,,,,202.56992,940.860064
,,,,,,201.31326,941.93992
,,,,,,189.83598,946.26
,,,,,,188.7469,945.72003
,,,,,,187.490252,945.72003
,,,,,,185.73096,945.36
,,,,,,183.8879,945
,,,,,,173.8348,947.160064
,,,,,,173.41592,947.699936
,,,,,,173.24836,948.779968
,,,,,,172.326832,951.84
,,,,,,170.98642,953.28
,,,,,,171.4053,951.48
,,,,,,172.99704,949.86
,,,,,,175.34276,949.68
,,,,,,179.0289,950.4
,,,,,,179.280232,950.76
,,,,,,189.165776,951.3
,,,,,,190.50618,951.3
,,,,,,192.34924,951.3
,,,,,,193.01946,951.48
,,,,,,194.69496,951.48
,,,,,,208.182892,950.4
,,,,,,222.42478,948.959936
,,,,,,231.89144,946.800064
,,,,,,232.14276,946.08
,,,,,,231.975184,944.1
,,,,,,233.148068,941.220032
,,,,,,234.237152,940.860064
,,,,,,237.75574,937.44008
,,,,,,240.60412,932.94
,,,,,,235.66134,929.7
,,,,,,227.19998,927.54
,,,,,,221.587,927.72
